filename,section
filename,section
filename,section
filename,section
filename,section
filename,section
filename,section
filename,section
filename,section
filename,section
filename,section
filename,section
filename,section
filename,section
filename,section
filename,section
filename,section
filename,section
filename,section
filename,section
filename,section
filename,section
filename,section
filename,section
filename,section
filename,section
filename,section
filename,section
filename,section
filename,section
filename,section
filename,section
filename,section
filename,section
filename,section
filename,section
filename,section
filename,section
filename,section
filename,section
filename,section
filename,section
filename,section
filename,section
filename,section
filename,section
filename,section
filename,section
